{"cameraMode":{"drawMode":0,"name":"Shaded","section":"Shading Mode"},"sceneLighting":false,"audioPlay":false,"sceneViewState":{"showFog":true,"showMaterialUpdate":false,"showSkybox":false,"showFlares":true,"showImageEffects":true,"showParticleSystems":true},"in2DMode":false,"pivot":{"x":0.33646896481513979,"y":2.175182342529297,"z":-1.4722015857696534},"rotation":{"x":-0.00820650439709425,"y":0.991786777973175,"z":0.08619335293769837,"w":0.09430115669965744},"size":3.9141716957092287,"orthographic":false}