{"cameraMode":{"drawMode":0,"name":"Shaded","section":"Shading Mode"},"sceneLighting":true,"audioPlay":false,"sceneViewState":{"showFog":true,"showMaterialUpdate":false,"showSkybox":true,"showFlares":true,"showImageEffects":true,"showParticleSystems":true},"in2DMode":false,"pivot":{"x":-126.26374816894531,"y":-24.621782302856447,"z":-26.736188888549806},"rotation":{"x":0.06684302538633347,"y":-0.7938023805618286,"z":0.08871933072805405,"w":0.597965657711029},"size":120.67675018310547,"orthographic":false}