{"cameraMode":{"drawMode":0,"name":"Shaded","section":"Shading Mode"},"sceneLighting":true,"audioPlay":false,"sceneViewState":{"showFog":true,"showMaterialUpdate":false,"showSkybox":true,"showFlares":true,"showImageEffects":true,"showParticleSystems":true},"in2DMode":false,"pivot":{"x":-28.936511993408204,"y":1.1829562187194825,"z":5.45266580581665},"rotation":{"x":0.0017608446069061757,"y":-0.264766126871109,"z":0.00042523356387391686,"w":0.9643795490264893},"size":1.8312301635742188,"orthographic":false}