{"cameraMode":{"drawMode":0,"name":"Shaded","section":"Shading Mode"},"sceneLighting":true,"audioPlay":false,"sceneViewState":{"showFog":true,"showMaterialUpdate":false,"showSkybox":true,"showFlares":true,"showImageEffects":true,"showParticleSystems":true},"in2DMode":false,"pivot":{"x":-53.43567657470703,"y":23.255565643310548,"z":-82.0201187133789},"rotation":{"x":-0.02847905643284321,"y":-0.957789421081543,"z":-0.10209403932094574,"w":0.26725178956985476},"size":104.10088348388672,"orthographic":false}